,Years after policy passed,People released (per year),People released (cumulative),"Life years saved (real-time, per year)","Life years saved (real-time, cumulative)","Life years saved (all-at-once, per year)","Life years saved (all-at-once, cumulative)","Cost avoided (real-time, per year)","Cost avoided (real-time, cumulative)","Cost avoided (immediate, per year)","Cost avoided (immediate, cumulative)","Labor boost (real-time, per year)","Labor boost (real-time, cumulative)","Labor boost (immediate, per year)","Labor boost (immediate, cumulative)"
0,1,145.28684685772535,145.28684685772535,134.86843838953874,134.86843838953874,2305.0371941052267,2305.0371941052267,2714927.2897847085,2714927.2897847085,46400836.67440509,46400836.67440509,2082566.3283771086,2082566.3283771086,35593152.13716261,35593152.13716261
1,2,14.985382043282081,160.27222890100742,136.58105348019953,271.44949186973827,2532.886360125225,4837.923554230452,2749402.5569565776,5464329.846741286,50987483.677729204,97388320.35213429,2109011.615086659,4191577.9434637674,39111477.15647907,74704629.29364169
2,3,126.68050719418896,286.95273609519637,227.97353449682026,499.42302636655853,4626.037388034654,9463.960942265106,4589150.564392546,10053480.411133833,93123011.56824131,190511331.9203756,3520245.4508513184,7711823.394315086,71432796.38419715,146137425.67783883
3,4,26.264175711776836,313.2169118069732,226.8766453078018,726.2996716743603,4957.593213299539,14421.554155564645,4567069.976608658,14620550.387742491,99797293.32643023,290308625.2468058,3503307.874363535,11215131.26867862,76552504.1966329,222689929.87447172
4,5,112.66094685849721,425.8778586654704,291.1618080676721,1017.4614797420325,6817.027125793218,21238.581281357863,5861142.5171457715,20481692.904888265,137228051.27737138,427536676.5241772,4495964.992489791,15711096.261168411,105264888.66732173,327954818.54179347
